id,site_name,latitude,longitude,elevation,country,sea,depth_min,depth_max,heat_flow,gradient,average_conductivity,heat_generation,reference
7318ce6b-390b-4c84-8c58-c3c4bd2d3ba6,,-25.3553,143.116,,Australia,,,,88.0,,,,Beardsmore pers. comm. 2011
cbb8077a-6d1f-47c8-b4ac-939731f6eaee,Browne 2,-25.93195,125.96386,,Australia,,,292.6,42.0,,,,Driscoll_etalHDR2010
28fd9d21-cc79-43a8-b480-324cd9f15f4e,Browne 1,-25.85002,125.81601,,Australia,,,387.0,50.0,,,,Driscoll_etalHDR2010
9fa37231-e51c-411e-8ac0-0ede029daa90,,-25.3253,141.985,,Australia,,,,103.0,,,,Beardsmore pers. comm. 2011
90bdfa69-172c-4b00-9e06-b5549111a170,Hussar 1,-24.81928,124.37744,430.0,Australia,,,2040.0,52.0,,,,Driscoll_etalHDR2010
fdbaf65f-3db5-4c83-bff2-f500d5f07ce1,Alice Springs No. 1,-23.91667,133.96667,,Australia,,,700.0,61.9,,,,Hyndman1967
8b2a548c-d1ed-49d5-9087-dd5f53dec642,GSQ Longreach 2,-23.3743,145.8569,,Australia,,,330.0,60.0,,,,CGEI2013
c49f8108-c272-4a5c-955f-9b2accb9dddf,Patience 1,-23.36138,125.66996,403.35,Australia,,,1869.0,63.0,,,,Driscoll_etal2009
9c976fb4-6e2a-4ef1-86c3-4bb82e286a64,GSQ Mount Whelan No. 1,-23.318,138.865,145.0,Australia,,,,76.5,,3.63,10.78,Cull1982
877f7128-642b-4c21-8a00-99e61ffe4e61,,-22.8548,138.462,,Australia,,,,95.0,,,,Beardsmore pers. comm. 2011
9692da96-0319-4077-88f5-6dc0a34d2363,,-22.8261,137.0,,Australia,,,,106.0,,,,Beardsmore pers. comm. 2011
b72fe550-abf6-4783-9acc-71712c131392,11004,-22.66562,138.65263,,Australia,,,,69.0,,,,2014
83621ad3-8d30-44f4-a046-c8bc47243527,Kidson 1,-22.61653,125.0097,355.09,Australia,,,4431.0,60.0,,,,Driscoll_etal2009
048cf7da-fbea-4de3-9741-ad5d08a40eff,,-22.6147,135.617,,Australia,,,,27.0,,,,Beardsmore pers. comm. 2011
4e039fb2-bf84-47ab-9f20-469e006b04d1,Contention Heights 1,-22.42526,127.22659,418.4,Australia,,,1790.7,67.0,,,,Driscoll_etal2009
f862d411-ddfc-476f-934f-289080ca8c59,,-22.3972,136.644,,Australia,,,,119.0,,,,Beardsmore pers. comm. 2011
addff6c5-2ebe-4a83-aff8-62141f5a8fac,,-22.3886,137.93,,Australia,,,,84.0,,,,Beardsmore pers. comm. 2011
61637b8e-d2f3-4c23-a829-9fb7e39690c7,Yuendumu,-22.33,131.75,730.0,Australia,,0.0,220.0,55.8,,,,Cull&Denham1979
75b6e78d-5e24-41a9-9a1d-22baa836451c,NT0159,-22.329,131.73,,Australia,,,,56.0,,,,Australian 2018 (check these references)
5eafe541-b337-49ff-9af8-9a37e34e4916,AUS089,-22.319,131.72,,Australia,,,,56.0,,,,Australian 2018 (check these references)
af8fa6d4-d4f9-44b7-8a24-2338b9077060,,-22.2708,135.271,,Australia,,,,95.0,,,,Beardsmore pers. comm. 2011
abd8ca6a-bce2-4a40-9c80-dd6d0b5b590f,,-22.2631,136.05,,Australia,,,,134.0,,,,Beardsmore pers. comm. 2011
07200e89-d854-4277-a21f-335d8e423569,BALDWIN1,-22.263,136.05,,Australia,,,,134.0,,,,Australian 2018 (check these references)
82a24820-196c-415e-967d-2572714bd309,,-22.1603,135.941,,Australia,,,,95.0,,,,Beardsmore pers. comm. 2011
19312809-e5f4-4f54-92ff-6535c1e22303,,-22.0392,135.542,,Australia,,,,144.0,,,,Beardsmore pers. comm. 2011
fa89e76e-7d86-47b3-9e57-b8b8f1524f56,MACINTY1,-22.039,135.54,,Australia,,,,144.0,,,,Australian 2018 (check these references)
5889cb00-1ddb-433d-ad40-9c3185c09a3d,,-22.0278,135.204,,Australia,,,,119.0,,,,Beardsmore pers. comm. 2011
acf53ad4-86c1-4f0a-9961-e6e866dbcd67,,-21.8272,136.515,,Australia,,,,85.0,,,,Beardsmore pers. comm. 2011
63a131c1-a719-4f20-b63d-eb9c7842cb1f,QLD3025,-21.808,140.6,,Australia,,,,98.0,,,,Australian 2018 (check these references)
c048df66-5968-4395-a3b0-4ade6a5b9036,AUS099,-21.802,140.6,,Australia,,,,98.0,,,,Australian 2018 (check these references)
cd582325-7739-4e60-a8e5-54958ed71fd7,South Auld 1,-21.79279,123.04494,249.0,Australia,,,857.0,60.0,,,,Driscoll_etal2009
a07f0f15-0105-4bc7-9f03-6e98328b68de,Auld 1,-21.78029,123.02605,,Australia,,,817.0,69.0,,,,Driscoll_etal2009
52a89384-a3de-4d2e-8b0b-7502591ad5d8,Mount Dore,-21.78,140.55,360.0,Australia,,65.0,185.0,98.2,32.67,2.9,,Cull&Denham1979
8580ce8a-1b7c-454e-adc6-9d6d544faa04,,-21.7,137.639,,Australia,,,,62.0,,,,Beardsmore pers. comm. 2011
38741917-6b25-4b90-821e-b05f90a1c9e8,MEQ1180,-21.53913,140.49094,,Australia,,,743.8,65.5,,,,Weber_etal2011
92f3d9cd-ae1f-4c46-9cec-d5cd5fbe7a40,Mount Isa Z 72 E Dec No. 2,-20.74,139.45,350.0,Australia,,,,75.3,19.82,,,Cull1982
1aaf3c72-fded-4826-8ad5-4e4064a53196,Lake Hevern 1,-21.46667,127.57833,338.0,Australia,,,2296.0,67.0,,2.3,,Driscoll_etal2009
a7f7c4f4-8bd9-4ee1-924f-eab456338ae4,Frankenstein 1,-21.38167,123.01667,280.0,Australia,,0.0,2779.0,52.0,29.0,2.0,,Goutorbe_etal2008a
5fd1f584-17f4-4d89-be42-a9cf6e021ed3,Point Moody 1,-21.25944,127.80611,422.76,Australia,,,2441.0,76.0,,,,Driscoll_etal2009
94d3c1c4-8f79-4a54-a6e3-78445e459b1e,Sahara 1,-21.07673,123.39444,264.57,Australia,,,2120.0,69.0,,,,Driscoll_etal2009
26071891-e1ec-4a49-94a8-05313ac6a7b6,K-106C,-21.053,139.96,,Australia,,,,61.0,,,,Australian 2018 (check these references)
e5aeb082-1a76-4b6c-9fb9-7275cb61ed36,K-106C,-21.05294,145.96343,,Australia,,,,61.0,,,,2014
3b310067-fd42-4838-ae2b-e2fe8d4a22bf,,-20.905,137.889,,Australia,,,,56.0,,,,Beardsmore pers. comm. 2011
052db4d1-35c1-4c88-90b0-7ab328c46691,GSQ Julia Creek 1,-20.8998,145.2047,,Australia,,,500.0,113.0,,,,CGEI2013
b3692ba8-ad7c-48fa-a37f-c239d60c6366,V-32; ED 2,-20.78333,139.48333,,Australia,,,871.0,92.9,22.5,4.14216,,Hyndman&Sass1966
7615d756-eac9-4b02-b5f4-576762eb6a38,V-32; V,-20.78333,139.48333,,Australia,,,883.0,84.9,18.5,4.6024,,Hyndman&Sass1966
622ebce0-9af7-41cf-a1cb-552b2c06813d,BW-70; ED 2,-20.78333,139.48333,,Australia,,,889.0,85.4,20.9,4.05848,,Hyndman&Sass1966
a4d41abb-3ac0-4e98-8d6a-39df81f954b2,W-20,-20.78333,139.48333,,Australia,,,892.0,75.3,18.2,4.14216,,Hyndman&Sass1966
7348ad24-826b-4d8e-9c9f-8a8f935c4cea,O-20,-20.78333,139.48333,,Australia,,,911.0,74.1,18.2,4.05848,,Hyndman&Sass1966
750f5cae-6191-4284-8bca-d7fcc431992d,V-32; ED 1,-20.78333,139.48333,,Australia,,,923.0,82.8,20.0,4.14216,,Hyndman&Sass1966
7ca98644-bb04-4805-964e-87b0cf9de018,CW-42,-20.78333,139.48333,,Australia,,,936.0,81.6,18.4,4.43504,,Hyndman&Sass1966
24415ee7-c0e4-4e56-8323-312a5fdd8f4c,AW-54; ED 1,-20.78333,139.48333,,Australia,,,967.0,108.8,25.5,4.14216,,Hyndman&Sass1966
45bd4f9d-83c2-4e63-8c60-8367b6d90e1d,AW-54; ED 2,-20.78333,139.48333,,Australia,,,992.0,85.8,21.1,4.05848,,Hyndman&Sass1966
ed272162-7a0a-44d1-b693-d89405792ecf,BW-70; ED 1,-20.78333,139.48333,,Australia,,,1005.0,74.9,18.5,4.05848,,Hyndman&Sass1966
283c7e84-73ac-4093-be17-b2a34a1c5e6d,CW-76; WD 2,-20.78333,139.48333,,Australia,,,1007.0,79.9,19.1,4.184,,Hyndman&Sass1966
83922c4b-c767-42da-a162-848fb4fe6f84,CW-76; WD 1,-20.78333,139.48333,,Australia,,,1082.0,87.0,18.9,4.6024,,Hyndman&Sass1966
deb2e1c5-d742-41a6-959c-5d66e908ca16,EW-79,-20.78333,139.48333,,Australia,,,1094.0,79.1,19.1,4.14216,,Hyndman&Sass1966
69df3c24-179d-4c0a-8aea-a6e384c228cc,L-60,-20.78333,139.48333,,Australia,,,1165.0,131.8,23.7,5.56472,,Hyndman&Sass1966
ed2dfe92-4d96-4db9-ac8b-60e2e3ebb601,Mining Corporation 4,-20.78333,139.48333,,Australia,,,240.0,86.2,20.6,4.184,,Hyndman&Sass1966
5cb239ff-7037-4f62-ba1f-5181e1ae7b2c,Quartzite 2,-20.78333,139.48333,,Australia,,,280.0,62.3,19.3,3.22168,,Hyndman&Sass1966
bd9cdfcd-021c-416e-88b2-e06a11e617a9,Biotite 2,-20.78333,139.48333,,Australia,,,280.0,79.5,20.2,3.9748,,Hyndman&Sass1966
e1014f80-6519-4b51-b927-1b9cd6cc9ac0,EW 5,-20.78333,139.48333,,Australia,,,410.0,73.6,18.9,3.89112,,Hyndman&Sass1966
62099b88-b8bd-4220-a1d4-8a243929b03a,BW 96,-20.78333,139.48333,,Australia,,,400.0,113.0,17.7,6.0668,,Hyndman&Sass1966
a71f0eee-8e8a-42c5-a23b-9af496e72171,PE 36S,-20.78333,139.48333,,Australia,,,750.0,81.2,20.2,3.84928,,Hyndman&Sass1966
ed98c513-0531-435f-a019-f0e905544d6d,Mining Corporation 1,-20.78333,139.48333,,Australia,,,670.0,80.8,21.0,3.59824,,Hyndman&Sass1966
7ee26cf7-c6ff-4c62-a9b6-8df8de621aa4,Crystalina 5,-20.78333,139.48333,,Australia,,,120.0,73.6,18.2,,,Hyndman&Sass1966
2ef08ea4-de6b-4c9d-9399-2feb7b1c8958,Mining Corporation 3A,-20.78333,139.48333,,Australia,,,160.0,104.6,25.8,,,Hyndman&Sass1966
f67a27cf-1205-4392-b9f0-7e5764c6418b,Mining Corporation 2,-20.78333,139.48333,,Australia,,,210.0,87.9,22.4,,,Hyndman&Sass1966
8cac3491-ae04-413e-b8ac-35a65a3dca9e,P 29 S,-20.78333,139.48333,,Australia,,,310.0,87.0,21.4,,,Hyndman&Sass1966
d91cfc71-2e45-4da7-a48c-0d1cdcfe4a24,,-20.7833,139.4833,,Australia,,,,82.0,,,,Beardsmore pers. comm. 2011
2a0a1c7e-9dd2-4009-9eeb-b55e1dc84db1,,-20.7344,139.45,,Australia,,,,82.0,,,,Beardsmore pers. comm. 2011
36f68bad-73a2-48a7-8d4c-9afa85cde26a,Mt. Isa 13/R5S,-20.7,139.48333,411.0,Australia,,689.0,819.0,87.9,22.6,3.93296,,Munroe_etal1975
36f68bad-73a2-48a7-8d4c-9afa85cde26a,Mt. Isa 13/R5S,-20.7,139.48333,411.0,Australia,,819.0,942.0,96.2,13.9,6.98728,,Munroe_etal1975
09dab541-1b0a-4c7b-9c01-2c329361e472,Mt. Isa FW/78,-20.68333,139.48333,393.0,Australia,,763.0,821.0,80.8,18.4,4.3932,,Munroe_etal1975
4e8c8268-a16f-4041-b44a-b118a48106cf,Mt. Isa FW/82,-20.68333,139.48333,393.0,Australia,,1289.0,1451.0,83.3,16.6,5.52288,,Sass_etal1976
4e8c8268-a16f-4041-b44a-b118a48106cf,Mt. Isa FW/82,-20.68333,139.48333,393.0,Australia,,764.0,1289.0,84.1,19.79,4.677712,,Sass_etal1976
d0c7332e-5a12-44c5-89d2-a773be8022c4,,-20.6833,139.4833,,Australia,,,,84.0,,,,Beardsmore pers. comm. 2011
fff12c0f-25c6-44ed-b95a-af7306571da3,,-20.6667,139.5,,Australia,,,,75.0,,,,Beardsmore pers. comm. 2011
3ad74081-9a0a-4cea-bcc1-9b90e08bde82,Mt. Isa G-114,-20.55,139.48333,399.0,Australia,,53.0,297.0,72.8,19.01,3.82836,,Munroe_etal1975
f2ec6ab1-1309-46fc-b563-f89eb1ce8017,Mt. Isa J-184,-20.53333,139.48333,414.0,Australia,,99.0,213.0,79.1,16.4,4.8116,,Munroe_etal1975
be8e9bca-4ea3-4c11-b7d4-27c16c672d1e,Mt. Isa S-172,-20.53333,139.48333,393.0,Australia,,68.0,164.0,84.9,17.0,4.99988,,Munroe_etal1975
d6eb2d8d-2425-4d1d-a1b2-cbea7c4a8cee,Mt. Isa O-177,-20.53333,139.48333,398.0,Australia,,129.0,224.0,77.4,20.22,3.82836,,Munroe_etal1975
f2ec6ab1-1309-46fc-b563-f89eb1ce8017,Mt. Isa J-184,-20.53333,139.48333,414.0,Australia,,213.0,419.0,65.7,18.51,3.5564,,Munroe_etal1975
27e7a15a-5f59-47eb-84ee-18f94c7d3a50,Mt. Isa E-148,-20.53333,139.48333,405.0,Australia,,167.0,282.0,68.6,18.22,3.757232,,Munroe_etal1975
6dc003ba-e0e2-4c12-8da5-9f3da73f1ad5,Mt. Isa H-177,-20.53333,139.48333,454.0,Australia,,91.0,381.0,92.5,19.09,4.85344,,Munroe_etal1975
a64912fd-a8c1-4548-a8ce-941db23908e6,Mt. Isa I-210,-20.53333,139.48333,405.0,Australia,,424.0,831.0,96.2,19.14,5.0208,,Munroe_etal1975
a4ec26dd-3145-4859-936c-ed70f7e50bda,,-20.5333,139.4833,,Australia,,,,84.0,,,,Beardsmore pers. comm. 2011
84e2c023-9794-4911-9cfc-e2147975f1e9,DDS 12,-20.58333,140.0,,Australia,,,350.0,78.7,20.2,3.38904,3.138,Sass_etal1976
3bc87fd5-33bb-4b36-aadd-677d69e01f8e,DDS 11,-20.58333,140.0,,Australia,,,350.0,75.7,19.1,3.84928,3.138,Sass_etal1976
8e8a092e-ec8e-4ec5-b0fc-5a3de42137fa,Percival 1,-20.33073,126.08332,269.6,Australia,,,2448.0,72.0,,,,Driscoll_etal2009
6bd0d0d1-6c32-463e-844c-0d434ce18e61,Baljes Creek,-20.33,145.85,300.0,Australia,,61.0,174.0,77.4,21.22,3.65,,Cull&Denham1979
6bd0d0d1-6c32-463e-844c-0d434ce18e61,Baljes Creek,-20.33,145.85,300.0,Australia,,68.0,230.0,75.7,18.11,4.26,,Cull&Denham1979
ec0d7d9d-5189-4513-b6a3-eb0f690b263b,AUS097,-20.319,145.85,,Australia,,,,77.0,,,,Australian 2018 (check these references)
3084d8df-c8cd-4446-8da4-22e181ec697e,Kemp Field 1,-20.318,123.46457,234.09,Australia,,,1181.0,65.0,,,,Driscoll_etal2009
99c6ecfd-ea0e-407e-b174-ca0ee2b29f61,Missing 1,-19.5661,124.60296,,Australia,,,1810.0,102.0,,,,Driscoll_etal2009
9660e9d2-6905-4ec8-99c9-2896c7b0982d,Dugald River,-20.31,140.2,300.0,Australia,,127.0,283.0,72.0,20.95,3.5,,Cull&Denham1979
80e3d009-8611-46d5-854f-abc7b3432c2a,Pegasus 1,-20.09667,123.95167,260.0,Australia,,0.0,2987.0,68.0,29.0,2.4,,Goutorbe_etal2008a
e2c80acc-a573-4fdf-b3fc-51b7dd85c082,Rover-1 DDH-2,-20.08333,133.66667,,Australia,,,,100.0,,,,Lilley_etal1979
8fb2f25e-32b3-4d74-a831-6da6bf94c050,AUS081,-20.069,133.67,,Australia,,,,100.0,,,,Australian 2018 (check these references)
353874f9-aea5-45e3-9cf6-b5b12fe0175c,Cattle Creek B.M.R. 11,-20.01667,137.83333,,Australia,,,238.0,48.1,,,,Hyndman1967
23120b6b-3a25-4649-8d8f-e7f579f78c7e,WGR1D011,-20.0032,133.65788,,Australia,,,487.0,90.0,,,,Weber_etal2011
540df426-3659-44d8-be50-bdbf0a90d68e,Tanami,-19.98,129.71,450.0,Australia,,40.0,80.0,34.4,18.6,1.85,,Cull&Denham1979
f81c846c-95a4-4a24-9ee9-90e8e1ad704f,NT0158,-19.969,129.7,,Australia,,,,34.0,,,,Australian 2018 (check these references)
659d8739-e394-40e8-926f-47e36e4b75ad,AUS088,-19.967,129.7,,Australia,,,,34.0,,,,Australian 2018 (check these references)
68cd3b0a-6bf0-4413-a6e3-991e5c3d8312,NR142D003,-19.9632,133.38755,,Australia,,,679.0,94.0,,,,Weber_etal2011
34244a72-3798-4a17-8527-31c57fbbebee,GSQ Dobbyn 2,-19.9537,141.4366,,Australia,,,500.0,107.5,,,,CGEI2013
fe18491b-8fa3-4cf3-a6cd-93d834560703,Bannerman No. 1,-19.95,127.23,450.0,Australia,,35.0,65.0,58.7,39.9,1.47,,Cull&Denham1979
479b7f56-f389-4c55-86d4-e739e031423b,NR108D010,-19.92608,133.32508,,Australia,,,441.6,98.0,,,,Weber_etal2011
39ccf353-790b-4e2a-b35f-338d989581c1,NGALTI1,-19.867,127.31,,Australia,,,,81.0,,,,Australian 2018 (check these references)
11abc649-3720-40a1-ab94-fef0c2efa0df,Goodenia 1,-19.86304,125.23019,,Australia,,,163.3,160.0,,,,Driscoll_etal2009
2b5630a3-8a0b-4887-aba4-b08c356ea102,Eremophila 3,-19.77804,125.23824,,Australia,,,464.0,93.0,,,,Driscoll_etal2009
3575b59f-2dbd-43b9-8c8a-17e5c0b5ba73,Bindi 1,-19.72167,126.79667,285.0,Australia,,0.0,2495.0,58.0,30.0,2.0,,Goutorbe_etal2008a
99b48d99-28c3-4160-8d78-f95066109078,Tennant Creek Juno 900-73,-19.71667,134.25,340.0,Australia,,320.0,542.0,96.232,23.03,4.30952,,Munroe_etal1975
f4128fd5-ff8a-4f7b-92a2-a8692752d6b4,Tennant Creek Juno 900-75,-19.71667,134.25,340.0,Australia,,346.0,518.0,87.864,22.8,3.9748,,Munroe_etal1975
b2193979-f3f1-4612-b863-c6fab87471fc,Explorer-46 DDH-5,-19.68333,134.23333,,Australia,,,,100.0,,,,Lilley_etal1979
6f5255d9-a07a-402c-923e-e2a1368f94db,Tennant Creek Peko,-19.68333,134.28333,330.0,Australia,,374.0,558.0,83.68,22.0,3.983168,,Munroe_etal1975
375a2117-ca86-4a08-b4da-7c5d0b92f7bf,Tennant Creek Explorer 46,-19.66667,134.21667,350.0,Australia,,250.0,320.0,58.576,27.71,2.171496,,Munroe_etal1975
375a2117-ca86-4a08-b4da-7c5d0b92f7bf,Tennant Creek Explorer 46,-19.66667,134.21667,350.0,Australia,,75.0,250.0,92.048,24.86,3.778152,,Munroe_etal1975
be3cd2fa-a309-4765-9ece-ac86c1aa3520,Mirbelia 2,-19.65,125.36,198.0,Australia,,,2819.0,68.0,29.0,,,Driscoll_etal2009
e339e795-5462-47a2-ab96-fd71ab55dd28,HIBISCU1,-19.637,125.43,,Australia,,,,88.0,,,,Australian 2018 (check these references)
a74ea9d3-d1d0-414e-ab57-25cc762ceacb,Hibiscus 1,-19.62167,125.43,218.0,Australia,,0.0,2386.0,60.0,30.0,2.1,,Driscoll_etal2009
a785bf0a-0ef5-4890-b8aa-363594db239a,Mangaloo 1,-19.58676,125.56838,212.6,Australia,,,3100.0,65.0,,,,Driscoll_etal2009
834e3bc8-8a82-49c1-b359-ab61b6874620,SPDD0014,-19.5855,128.86754,,Australia,,,301.0,43.0,,,,Gerner_etal2012
6226e81c-2fe5-41d2-94ba-9ffee7a269b3,Billiluna No. 3,-19.51,127.64,450.0,Australia,,40.0,70.0,45.8,14.2,3.22,,Cull&Denham1979
6db812db-2424-420e-a3e8-c908a82b1db2,Olios 1,-19.50667,126.79167,311.0,Australia,,0.0,1954.0,62.0,32.0,2.1,,Driscoll_etal2009
53b85000-ea0e-4538-aba5-4431fc2bad66,Warrego DDH-Tex-1A,-19.45,133.81667,,Australia,,,,161.0,,,,Lilley_etal1979
c00623f2-207f-4c4e-b051-33f8bb2ae2f7,Tennant Creek Warrego. 20,-19.45,133.81667,330.0,Australia,,48.0,240.0,108.8,28.9,3.7656,,Munroe_etal1975
927c793c-e967-4e65-9e71-486a21ecaa27,Tennant Creek Warrego 21,-19.45,133.81667,330.0,Australia,,47.0,651.0,120.5,33.5,3.59824,,Munroe_etal1975
24816a9f-2e92-4c3e-8191-286fc0eb9f59,Tennant Creek Warrego 27293031,-19.45,133.81667,330.0,Australia,,400.0,670.0,142.3,28.4,5.0208,,Munroe_etal1975
24816a9f-2e92-4c3e-8191-286fc0eb9f59,Tennant Creek Warrego 27293031,-19.45,133.81667,330.0,Australia,,50.0,400.0,111.7,31.0,3.59824,,Munroe_etal1975
59fa6138-57d0-4367-8cdd-1e5b085f8ce1,Selenops 1,-19.41392,126.71824,309.4,Australia,,,1263.0,59.0,,,,Driscoll_etal2009
e4bf3422-7391-4772-aadd-fe63810a8ab6,Dodonea 2,-19.4036,125.17935,207.2,Australia,,,1688.0,75.0,,,,Driscoll_etal2009
48309138-6134-4036-b881-4ab0345f68c8,Setaria 1,-19.40082,124.97574,196.57,Australia,,,956.0,81.0,,,,Driscoll_etal2009
5d79c76e-3343-4ab1-98e1-9c3e7b44707d,Dodonea 1,-19.38504,125.16204,213.59,Australia,,,2215.0,74.0,,,,Driscoll_etal2009
92e72be5-2333-4438-a288-7f5ee0e78c6e,NT0149,-19.365,135.5,,Australia,,,,75.0,,,,Australian 2018 (check these references)
99f4404f-1346-4df4-9108-d286d97418e7,Solanum 1,-19.36499,124.96296,,Australia,,,834.0,20.0,,,,Driscoll_etal2009
fb4a8521-ad07-4ea6-81a6-54081593ea6a,Freweena Fr. No. 1,-19.26667,135.1,,Australia,,,311.0,75.3,23.1,3.22168,,Hyndman1967
c680adb6-4166-4076-9e4c-d34bdf5972f9,Looma 1,-19.12357,123.99428,,Australia,,,2535.0,93.0,,,,Driscoll_etal2009
e3afd24d-a427-407e-85b1-7d6daeb8004d,Cycas 1,-19.01,126.015,178.0,Australia,,0.0,3010.0,60.0,26.0,2.5,,Goutorbe_etal2008a
6f9e0712-fc57-490f-b296-9c5457ee8a28,Pictor 2,-18.76449,123.71446,134.5,Australia,,,1085.0,80.0,,,,Driscoll_etal2009
a2032878-bf14-4f25-98f2-fd1ead7112ba,Pictor 1,-18.76333,123.71333,133.0,Australia,,0.0,2123.0,60.0,37.0,1.8,,Goutorbe_etal2008a
648345dd-524f-44e9-a670-94afd05c95cb,Antares 1,-18.73266,123.69517,122.7,Australia,,,1298.5,83.0,,,,Driscoll_etal2009
7fc526b1-0d9d-4db4-b2c7-49a61e1449c9,St. George Range,-18.69,125.14,210.0,Australia,,0.0,4400.0,64.9,15.9,3.94,,Cull&Denham1979
e3eb9ca8-31e7-482b-8a60-ef15993fc972,Gap Creek 1,-18.63092,125.81116,151.11,Australia,,,1541.2,75.0,,,,Driscoll_etal2009
fd8337aa-51fa-4119-9a03-3582026044c7,,-18.5881,136.083,,Australia,,,,95.0,,,,Beardsmore pers. comm. 2011
792e1223-e8bf-47b2-9f72-78cd671fc544,Nollamara 1,-18.56603,124.23246,127.73,Australia,,,1719.0,80.0,,,,Driscoll_etal2009
284aeea7-0833-4745-8fe6-382fef0a41b7,Crystal Creek 1,-18.55618,123.60222,131.0,Australia,,,2504.0,73.0,,,,Driscoll_etal2009
3480c6f6-4031-4aa5-9975-33df53472df3,LOVELLP1,-18.515,123.44,,Australia,,,,123.0,,,,Australian 2018 (check these references)
51d5ae58-401c-4845-a8eb-e80c09d35f00,Lovells Pocket 1,-18.51448,123.43722,,Australia,,,1924.0,123.0,,,,Driscoll_etal2009
57350b59-2fc2-49c4-9c61-0a804c8b35a2,Fitzroy River 1,-18.49333,124.88167,76.0,Australia,,0.0,3129.0,52.0,24.0,2.2,,Goutorbe_etal2008a
08e137ac-b19f-4ac3-a24e-502dc8a57632,GSQ Georgetown 8-9R,-18.389,140.8569,,Australia,,,320.2,48.5,,,,CGEI2013
6a36dff5-1a5c-484c-8e65-61552263381f,Grevillea 1,-18.35333,125.63333,116.0,Australia,,0.0,2556.0,54.0,29.0,1.9,,Goutorbe_etal2008a
0bfe2c5a-7c29-43fc-af73-e4c1e823e794,,-15.3339,129.127,,Australia,,,,75.0,,,,Beardsmore pers. comm. 2011
dffb56d6-90b3-4c55-b74c-993ce4465cfc,Petaluma 1,-18.26683,124.32634,84.48,Australia,,,2086.0,62.0,,,,Driscoll_etal2009
b89cd8e8-26bf-45b2-9f80-d2bbc97d0211,Margaret 1,-18.26139,125.91068,130.0,Australia,,,955.0,73.0,,,,Driscoll_etal2009
9077405a-0ca5-45be-b65a-76ef30f004de,Halls Creek,-18.24,127.69,510.0,Australia,,35.0,95.0,25.6,9.4,2.72,,Cull&Denham1979
d3b158e8-4297-4604-a7de-04d6a40c4ce3,Needle Eye Rocks 1,-18.23981,125.82089,128.98,Australia,,,1665.0,85.0,,,,Driscoll_etal2009
4e6dfccf-58aa-4262-a898-2039c6b80ba5,WA0919,-18.229,127.7,,Australia,,,,26.0,,,,Australian 2018 (check these references)
bd52446e-c2ab-482c-936c-4955ddb30241,AUS087,-18.219,127.7,,Australia,,,,26.0,,,,Australian 2018 (check these references)
245407a9-5875-4a4b-94df-b0ac62be1d80,Mahe 1,-18.12604,123.15309,80.0,Australia,,,1098.0,99.0,,,,Driscoll_etal2009
16d27133-46f4-405d-b729-24db2ad1ab20,Noonkanbah,-18.11,124.81,120.0,Australia,,40.0,140.0,67.2,31.7,2.12,,Cull&Denham1979
9a3733ae-8fb2-483d-b8d6-2cfc2b97f1db,WA0918,-18.109,124.82,,Australia,,,,67.0,,,,Australian 2018 (check these references)
19d0bf64-a632-4cae-86cd-99ae4ef4b803,Oscar Hill 1,-18.10031,125.58406,112.0,Australia,,,1854.0,83.0,,,,Driscoll_etal2009
55d5584b-6ed9-4766-a9aa-526404cd6007,Scarpia 1,-18.05214,124.84462,98.4,Australia,,,1600.0,65.0,,,,Driscoll_etal2009
7e15fbc9-fff8-44aa-8821-1c90e22be3fc,Georgetown,-17.95,143.42,227.0,Australia,,100.0,260.0,77.2,25.81,2.99,6.6,Cull1982
cb1c0aea-03c9-439b-a398-9814a30847df,Metters 1,-17.94345,124.74334,89.0,Australia,,,1505.0,73.0,,,,Driscoll_etal2009
f81225d8-5dd1-4805-be53-e6059e3fb5e4,Ellendale 1,-17.905,124.70333,95.0,Australia,,0.0,3186.0,63.0,31.0,2.2,,Goutorbe_etal2008a
bae57282-2718-4ed8-a798-13d9e8c31205,Crimson Lake 1,-17.885,124.67667,90.0,Australia,,0.0,1971.0,61.0,34.0,2.0,,Goutorbe_etal2008a
c6c0303d-10cd-42ad-9f31-3ceb2c5803fc,,-17.8834,124.6778,,Australia,,,,68.0,,,,Beardsmore pers. comm. 2011
49deea37-9110-4cb7-957f-45ab6ed44cd8,Nemile 1,-17.8589,124.55832,55.5,Australia,,,1601.0,79.0,,,,Driscoll_etal2009
7ec4a619-661b-4e7b-9fc5-5129b855d252,Bonaparte 1,-15.01523,128.7443,103.0,Australia,,,3209.5,60.0,,,,Driscoll&WainingHDR2010
3729cf20-1e57-4bdb-b68b-6a3dbfd45147,Boronia 1,-17.75833,124.57167,58.0,Australia,,0.0,3385.0,50.0,29.0,1.7,,Goutorbe_etal2008a
1b9e72ec-6bca-499e-82da-4b65bb908cc4,Chestnut 1,-17.72813,124.8571,122.6,Australia,,,2669.0,75.0,,,,Driscoll_etal2009
f5a9acf7-ff6b-4251-a423-5866d7234281,East Yeeda 1,-17.63333,124.04667,92.0,Australia,,0.0,3547.0,58.0,28.0,2.2,,Goutorbe_etal2008a
4c91d6ca-8583-4684-ab4d-274999602f31,Aquanita 1,-17.62833,124.35667,81.0,Australia,,0.0,2993.0,58.0,26.0,2.4,,Goutorbe_etal2008a
fd9fb9c5-2b8c-4775-a289-ab8f54af5748,Blina 7,-17.62694,124.50108,,Australia,,,1551.0,61.0,,,,Driscoll_etal2009
a4d2bd5f-59b6-4ed6-b800-240e418d5c3a,Blina 1,-17.62333,124.56667,57.0,Australia,,0.0,2496.0,43.0,27.0,2.0,,Goutorbe_etal2008a
f82c4d62-8f98-4aa6-acf2-a698152400f7,Blina 6,-17.62319,124.50209,56.7,Australia,,,1260.0,59.0,,,,Driscoll_etal2009
2ba6c4f1-2e33-4fba-8aea-ad471431abe0,Blina 4 Deepening,-17.62028,124.50033,,Australia,,,1526.2,63.0,,,,Driscoll_etal2009
f90d0d7c-2d35-48b7-8a9f-b0b7a8b1eefe,Sunup 1,-17.61893,124.31733,58.23,Australia,,,1500.0,61.0,,,,Driscoll_etal2009
13f68d67-1df0-4c24-8807-ac5d1c99e890,Blina 8,-17.61835,124.4928,,Australia,,,1550.0,64.0,,,,Driscoll_etal2009
139ba20d-e310-4268-bb7e-d1f3734ab7ab,Thompsons 1,-17.61333,124.38667,80.0,Australia,,0.0,2003.0,48.0,29.0,2.1,,Goutorbe_etal2008a
e8906cca-1724-4dfa-8737-febd238f8aaf,Janpam 1,-17.60167,124.41333,90.0,Australia,,0.0,2256.0,45.0,30.0,2.0,,Goutorbe_etal2008a
13327039-3cc6-42fe-9412-f1c6b7891310,West Blackstone 1,-17.57406,124.33802,55.2,Australia,,,1943.0,47.0,,,,Driscoll_etal2009
42bd5f4d-b1b2-491e-a0d7-241094774349,,-17.5672,124.4179,,Australia,,,,62.0,,,,Beardsmore pers. comm. 2011
250e8307-0b0c-415f-b9e0-736e820893db,Harold 1,-17.55984,124.57296,63.79,Australia,,,1550.0,62.0,,,,Driscoll_etal2009
b6151a32-fd6e-452e-a3b1-5e632f7c347d,,-17.5598,124.573,,Australia,,,,62.0,,,,Beardsmore pers. comm. 2011
cf5bedf6-a91b-435d-96a6-15decaeee344,,-17.5553,124.2449,,Australia,,,,72.0,,,,Beardsmore pers. comm. 2011
10836e7e-1427-473c-8d4c-e2599279ed3c,Sundown 5,-17.55525,124.24494,40.0,Australia,,,1152.0,72.0,,,,Driscoll_etal2009
eb87697c-f1ae-4756-aced-301210c9fde5,Sundown 1,-17.55333,124.24167,39.0,Australia,,0.0,2730.0,49.0,30.0,2.2,,Goutorbe_etal2008a
dc9ae042-916c-4abc-bf55-3a140d408286,Sundown 4,-17.55191,124.24503,39.33,Australia,,,1800.0,62.0,,,,Driscoll_etal2009
9fe432c8-7d8f-475f-ae1c-1b9bf5034749,,-17.5519,124.245,,Australia,,,,62.0,,,,Beardsmore pers. comm. 2011
3575255c-782e-48db-bf05-acacd5ef199c,,-17.536,124.5358,,Australia,,,,60.0,,,,Beardsmore pers. comm. 2011
1e7ed595-7b2d-4596-b608-7f5f88ba0373,Lukins 1,-17.53599,124.53582,55.8,Australia,,,1675.0,60.0,,,,Driscoll_etal2009
0d7aa6d7-2a2a-4932-af8a-01cad1327673,Loris 1,-17.50681,124.22811,,Australia,,,1897.0,59.0,,,,Driscoll_etal2009
97e2d5b9-89f2-4123-b83d-39894dd5cbad,,-17.5068,124.2281,,Australia,,,,59.0,,,,Beardsmore pers. comm. 2011
67834090-f532-467e-9f01-d43ac212c5fa,Terrace 1,-17.50667,124.26333,32.0,Australia,,0.0,2381.0,56.0,28.0,2.2,,Goutorbe_etal2008a
8ae6f309-f856-4340-9fef-f2b0c75041df,,-17.5027,124.2609,,Australia,,,,63.0,,,,Beardsmore pers. comm. 2011
5f88bc20-8054-4147-8f67-bb11a0ca69d8,West Terrace 2,-17.50268,124.26095,31.96,Australia,,,1200.0,63.0,,,,Driscoll_etal2009
fbec8368-25ac-404f-a8db-e039b1c77333,,-17.4883,124.2003,,Australia,,,,59.0,,,,Beardsmore pers. comm. 2011
f83711e0-dd79-42c3-aced-84167fad838c,Runthrough 1,-17.48828,124.20025,50.54,Australia,,,1380.0,59.0,,,,Driscoll_etal2009
aca8dfd1-0d39-4bb8-8836-e3927b3b2f97,,-17.4859,124.2452,,Australia,,,,63.0,,,,Beardsmore pers. comm. 2011
30a24921-6125-4989-8fbb-2f61e54ecfb6,Boundary 1,-17.48587,124.2452,39.0,Australia,,,1670.0,63.0,,,,Driscoll_etal2009
258b3b77-aeae-4885-88b1-4e8e9cc1d90b,Lloyd 2,-17.46839,124.25305,38.35,Australia,,,1580.0,63.0,,,,Driscoll_etal2009
e1921ee2-9bfe-4cd2-83a8-fc65f227e3b0,Lloyd 1,-17.46616,124.2503,39.28,Australia,,,2001.0,61.0,,,,Driscoll_etal2009
0f1fd491-3d3c-4c37-833b-e97cae50223c,Mellany 1,-17.40042,124.28956,32.9,Australia,,,1476.0,76.0,,,,Driscoll_etal2009
a86a338a-9c4c-40fe-8cdf-20818b5f74b2,Millard 1,-17.39223,123.91935,50.4,Australia,,,1680.0,57.0,,,,Driscoll_etal2009
9df9eed8-9995-40ef-82ee-3fe4fad74c12,Canegrass 1,-17.39167,124.22667,30.0,Australia,,0.0,1994.0,55.0,35.0,2.0,,Goutorbe_etal2008a
0f7a4462-b61e-43eb-a047-a45bdd0c9942,,-17.3903,133.759,,Australia,,,,85.0,,,,Beardsmore pers. comm. 2011
ab62decc-4585-4e05-9934-401cfff3edc0,Yarrada 1,-17.36667,124.10333,21.0,Australia,,0.0,3290.0,62.0,31.0,2.1,,Goutorbe_etal2008a
fa027461-d05f-4352-8d24-75516f4854ef,Booran 1,-17.33667,123.66333,18.0,Australia,,0.0,2792.0,55.0,28.0,1.9,,Goutorbe_etal2008a
8bce561c-d7d2-4539-9189-64e7634b52d7,Arbouin,-17.33,145.27,757.0,Australia,,,230.0,99.8,,,3.85,Cull1982
9856b113-b309-4833-bc4f-2dfa00f32675,Kora 1,-17.26,123.82833,9.0,Australia,,0.0,3096.0,61.0,31.0,2.0,,Goutorbe_etal2008a
11703351-a8a4-4c5a-affa-3a986191e65b,Napier 1,-17.20667,124.52667,70.0,Australia,,0.0,1795.0,62.0,32.0,2.0,,Goutorbe_etal2008a
005113bd-f43a-4842-a7b3-414a5019a57f,Point Torment 1 deepening,-17.16466,123.73875,,Australia,,,2604.0,67.0,,,,Driscoll_etal2009
ebafbbab-7f61-4135-aed9-6c5d94d07ed0,Napier 5,-17.10693,124.46961,70.71,Australia,,,1658.0,88.0,,,,Driscoll_etal2009
5c69b35d-06eb-4464-9cc6-69eed5f81dc7,Napier 2,-17.08054,124.35684,82.3,Australia,,,1607.0,55.0,,,,Driscoll_etal2009
20d0fb34-8fa2-4f17-9144-b56d357ae2fb,Puratte 1,-17.08833,123.23833,27.0,Australia,,0.0,3746.0,57.0,30.0,2.1,,Driscoll_etal2009
595c3761-7909-4287-a664-59df67d2e2e1,Padilpa 1,-17.01602,123.19422,44.4,Australia,,,2184.0,74.0,,,,Driscoll_etal2009
3fd22189-0207-46e4-aede-89c844832746,Napier 4,-16.91526,124.09433,88.09,Australia,,,965.0,73.0,,,,Driscoll_etal2009
79415576-5055-457d-b81a-4ed386f6550c,SHORTLA1,-16.747,133.69,,Australia,,,,63.0,,,,Australian 2018 (check these references)
91eaab4a-7858-4466-a10e-b5e6c85f5739,,-16.7244,133.738,,Australia,,,,51.0,,,,Beardsmore pers. comm. 2011
8b419b22-66ed-4cd9-9e45-883f860ef983,BALMAIN1,-16.621,133.58,,Australia,,,,55.0,,,,Australian 2018 (check these references)
76dc946d-4ea3-45a5-9847-df4328414492,GSQ Mossman 2-3R,-16.5331,143.1033,,Australia,,,339.7,77.0,,,,CGEI2013
aaf2f8fb-fca3-4d0c-b6f6-a8ba9b6a92d3,McArthur River Ie 115,-16.46667,136.05,,Australia,,,107.0,77.0,20.4,3.7656,,Hyndman1967
005eca7e-301f-4c19-88cf-677ea84f8935,McArthur River Ie 137,-16.46667,136.05,,Australia,,,117.0,58.6,18.5,3.17984,,Hyndman1967
5cc7e848-45ad-4078-8bf3-b9d522032956,McArthur River By 1,-16.46667,136.05,,Australia,,,238.0,69.5,,,,Hyndman1967
a0d46d0d-b4da-4167-9464-b1caf8e6c817,McArthur River Ie 101,-16.46667,136.06667,,Australia,,,440.0,78.2,,,,Hyndman1967
ac4a5131-83d7-40f7-af83-883e83a921b9,,-16.4528,133.779,,Australia,,,,52.0,,,,Beardsmore pers. comm. 2011
327c8a4a-cdea-499f-a2bd-13e54901f277,McArthur River R 133,-16.45,136.05,,Australia,,,166.0,69.0,22.3,3.09616,,Hyndman1967
53b67bc1-64bc-4e6a-bcea-d7cf7cf92343,Ningbing 1,-15.18058,128.68183,51.0,Australia,,,1269.0,99.0,,,,Driscoll&WainingHDR2010
2ac07b04-f72f-4052-9007-c7672661cbd8,,-16.33,135.321,,Australia,,,,73.0,,,,Beardsmore pers. comm. 2011
d01919ca-6972-429d-8406-c0380100ca6e,,-16.2814,134.51,,Australia,,,,76.0,,,,Beardsmore pers. comm. 2011
603c8d42-ba8c-49e1-b5f4-978e01a74c3d,,-16.2492,134.162,,Australia,,,,76.0,,,,Beardsmore pers. comm. 2011
fafadb7c-1baf-4a97-8436-eeaa8c3b100c,,-16.2367,133.747,,Australia,,,,60.0,,,,Beardsmore pers. comm. 2011
62d33e79-4b7d-4455-a2e3-7bdb0b088a52,,-15.18,134.845,,Australia,,,,78.0,,,,Beardsmore pers. comm. 2011
7b9ff4a7-1860-4436-9142-93af9cede148,,-15.9333,133.667,,Australia,,,,97.0,,,,Beardsmore pers. comm. 2011
0fa82f8c-d469-4205-9350-239be158ff6c,,-15.925,133.785,,Australia,,,,74.0,,,,Beardsmore pers. comm. 2011
86f9808e-342a-40f6-b6f5-6b464734c42a,,-15.9206,133.629,,Australia,,,,77.0,,,,Beardsmore pers. comm. 2011
dcc505cb-2a25-4f6e-aefb-589d900d7a7d,Adele Island 1,-15.5111,123.15822,,,,,789.5,30.0,,,,Driscoll&Waining2010
8bf035cc-0628-4fbf-ad27-20b3b275f62a,,-15.4506,129.018,,Australia,,,,110.0,,,,Beardsmore pers. comm. 2011
d1d944d3-6268-484f-ba31-a81c5e75feb6,Vienta 1,-15.36925,128.78672,34.0,Australia,,,1540.0,76.0,,,,Driscoll&WainingHDR2010
570e0607-17f2-4492-8b6c-f5d71a536429,,-15.3528,129.13,,Australia,,,,87.0,,,,Beardsmore pers. comm. 2011
570e0607-17f2-4492-8b6c-f5d71a536429,,-15.3528,129.13,,Australia,,,,98.0,,,,Beardsmore pers. comm. 2011
41b82804-ea4c-47c2-926d-d3e8a78da9e3,,-15.3478,129.108,,Australia,,,,112.0,,,,Beardsmore pers. comm. 2011
b595338c-5451-4cae-9af1-12526e644ccc,,-15.3331,129.126,,Australia,,,,112.0,,,,Beardsmore pers. comm. 2011
d3656f1b-ac0e-464d-8538-6ba7531951b6,Waggon Creek 1A,-15.32024,128.71061,,Australia,,,1323.0,103.0,,,,Driscoll&WainingHDR2010
9a697a13-6ae2-4ce0-a650-2ad47bf67e6b,Skull 1,-15.2836,128.95456,42.0,Australia,,,2000.0,75.0,,,,Driscoll&WainingHDR2010
eef46dbb-8c3e-4d59-9114-80f3c049fa7c,,-15.2461,132.843,,Australia,,,,86.0,,,,Beardsmore pers. comm. 2011
a992bea0-65f5-443b-9470-321428fac6b8,Ningbing 2,-15.21863,128.69044,58.0,Australia,,,1336.0,95.0,,,,Driscoll&WainingHDR2010
d844dae1-aa7e-4969-84a5-a5da3b915288,Garimala 1,-15.18833,128.72667,69.0,Australia,,0.0,2547.0,58.0,41.0,1.4,,Goutorbe_etal2008a
36f4cc1d-c0ff-4c4c-ab84-b6473b7b69cc,,-15.1865,128.7276,,Australia,,,,83.0,,,,Beardsmore pers. comm. 2011
22c51b00-c7c2-4962-80f8-ac3c1dae7fe0,,-15.1817,134.795,,Australia,,,,75.0,,,,Beardsmore pers. comm. 2011
fe55e37f-48c0-4239-b0f6-4b05fdf0fc7a,,-15.1681,129.089,,Australia,,,,83.0,,,,Beardsmore pers. comm. 2011
af312288-d6b9-400d-b780-309a5a2a70a1,,-15.1233,133.816,,Australia,,,,83.0,,,,Beardsmore pers. comm. 2011
66131063-2d40-4265-89be-81e09943c076,Bonaparte 2,-15.08384,128.72235,116.74,Australia,,,2136.0,65.0,,,,Driscoll&WainingHDR2010
d61387c3-37bd-46af-979c-56f7059e7314,,-15.0833,133.996,,Australia,,,,92.0,,,,Beardsmore pers. comm. 2011
b605a479-a993-4975-84c2-e03acbfb41f5,,-15.0783,133.994,,Australia,,,,84.0,,,,Beardsmore pers. comm. 2011
e050cd9f-cb45-4ba7-bd29-b5088f7ab589,,-15.0278,133.753,,Australia,,,,77.0,,,,Beardsmore pers. comm. 2011
013cd45c-8af8-43a2-b3bd-4660e6e9bb4d,,-14.9747,133.927,,Australia,,,,91.0,,,,Beardsmore pers. comm. 2011
9fd919d4-c4fb-4fc3-9a78-90f63b2a7133,,-14.8758,133.91,,Australia,,,,117.0,,,,Beardsmore pers. comm. 2011
c0a82c68-a8db-4b13-be32-4ff4ad12aecc,,-14.8419,134.365,,Australia,,,,71.0,,,,Beardsmore pers. comm. 2011
e35ffae2-e68c-4029-b4a7-e0eb6a76e39d,Kingfisher 1,-14.77833,129.11167,-26.0,,Timor Sea,0.0,3205.0,49.0,26.0,1.9,,Goutorbe_etal2008a
db1b8c20-ccbe-4327-920c-3bb5d31e2b9c,Pelican Island 1,-14.77051,128.77541,7.63,,,,1981.0,69.0,,,,Driscoll&WainingHDR2010
901655c6-b05a-4baf-81a6-e2862c51f637,,-14.7608,133.943,,Australia,,,,79.0,,,,Beardsmore pers. comm. 2011
f04ba133-e875-4a31-bcd3-b6fb00a28ed3,Sunbird 1,-14.57333,129.42167,-43.0,,Timor Sea,0.0,3260.0,55.0,27.0,2.0,,Goutorbe_etal2008a
c343d036-68de-4b95-8044-889e204c68d8,Yampi 1,-14.55833,123.27667,-91.0,,Indian Ocean,0.0,4080.0,51.0,30.0,1.7,,Goutorbe_etal2008a
8d4b7199-cf8b-4c18-9709-d43beca112ca,Barnett 1,-14.53,129.06167,-36.0,,Timor Sea,0.0,2283.0,51.0,26.0,2.0,,Goutorbe_etal2008a
1d06f001-9dd0-449c-93c1-32f2d8a623ed,Turtle 2,-14.50667,128.94667,-25.0,,Timor Sea,0.0,2698.0,48.0,26.0,2.0,,Goutorbe_etal2008a
69fee8cb-987b-4338-8213-8e8ad35b1fa9,Turtle 1,-14.47667,128.945,-24.0,,Timor Sea,0.0,2645.0,47.0,26.0,1.9,,Goutorbe_etal2008a
8ba32eb6-f2dd-43ae-9822-bd22cfed996a,Matilda 1,-14.455,128.75,-11.0,,Timor Sea,0.0,2260.0,49.0,26.0,2.1,,Goutorbe_etal2008a
832161ba-2fba-4f90-b87d-0131bce2a792,,-14.405,129.544,,Australia,,,,82.0,,,,Beardsmore pers. comm. 2011
8ce8b208-d839-4e9f-b671-3d5026d3049d,,-14.3631,129.542,,Australia,,,,74.0,,,,Beardsmore pers. comm. 2011
00319ff5-f4f2-47b2-bd13-90cfcb08050a,,-14.36,133.626,,Australia,,,,108.0,,,,Beardsmore pers. comm. 2011
beb10019-a382-492f-956d-c45bfad34fd7,,-14.3194,129.775,,Australia,,,,92.0,,,,Beardsmore pers. comm. 2011
fb9621bb-1386-4e34-a749-b8d07300feb3,Cambridge 1,-14.29,128.43333,-35.0,,Timor Sea,0.0,2163.0,43.0,23.0,1.9,,Goutorbe_etal2008a
d8af5360-3fc2-4b21-83d1-7600baefca28,EISHF23,-14.165,145.87334,-2823.0,,Coral Sea,,,57.0,72.0,0.79,,Choi_etal1990
38451777-26fe-452d-bf5e-a16fd8aea924,VB12-003,-14.14231,132.10214,,Australia,,,,72.0,,,,2014
744fa60c-8f37-4359-812d-4ea6faa2ab03,VB12-010,-14.13328,132.10507,,Australia,,,,67.0,,,,2014
ec45fbc7-0c85-4db9-84d7-3048bbc15255,Browse Island 1,-14.11115,123.55046,2.9,,Indian Ocean,,405.5,51.0,,,,Driscoll&Waining2010
b4e69a51-e9e0-4ffd-ae88-407d2fc7221c,Lesueur 1,-13.95333,128.12667,-58.0,,Timor Sea,0.0,3490.0,56.0,27.0,2.0,,Goutorbe_etal2008a
00b6518c-7104-40bc-b7a5-e096f514f7c0,EISHF24,-13.92,145.75333,-2882.0,,Coral Sea,,,52.0,65.0,0.79,,Choi_etal1990
b8a8ae67-d6a3-4a5b-8482-d1a09008f66c,Brewster 1/1A,-13.91333,123.25833,-256.0,,Indian Ocean,0.0,4424.0,52.0,33.0,1.6,,Goutorbe_etal2008a
de594d52-c718-4b21-bbca-6b8908596cb0,Blacktip 1,-13.90333,128.485,-55.0,,Timor Sea,0.0,3095.0,42.0,28.0,1.5,,Goutorbe_etal2008a
613d9015-31bc-441e-ba9b-496ce3efc1ac,Echuca Shoals 1,-13.75,123.72333,-194.0,,Indian Ocean,1898.0,4158.0,63.0,35.0,1.5,,Goutorbe_etal2008a
a9fb2e22-e575-41a0-bb07-e7b1aef7cbf4,Prudhoe 1,-13.74833,123.86333,-175.0,,Indian Ocean,0.0,3116.0,56.0,34.0,1.6,,Goutorbe_etal2008a
2815a535-7b5e-4f03-afa2-ad6f2273d368,CP018,-13.53628,131.37014,,Australia,,,,76.0,,,,2014
aa41c1ec-3f6f-49bf-99cc-c19529bbc25d,Adele 1,-13.50333,123.535,-243.0,,Indian Ocean,0.0,4509.0,54.0,31.0,1.7,,Goutorbe_etal2008a
8ab802e0-3a61-4db5-bd7e-36a7321f5606,Heywood 1,-13.46333,124.06667,-35.0,,Indian Ocean,0.0,4184.0,53.0,28.0,1.9,,Goutorbe_etal2008a
8c249bd5-3862-455b-85c9-45194da09b39,Tern 3,-13.33667,128.10333,-83.0,,Timor Sea,0.0,2585.0,52.0,29.0,1.8,,Goutorbe_etal2008a
fd183662-3967-4395-b41d-e3d51b5555b4,EISHF25,-13.32833,145.63834,-3063.0,,Coral Sea,,,86.0,107.0,0.81,,Choi_etal1990
31886d98-9b09-4f0b-a9b2-a9a6ac048b11,Bassett 1/1A,-13.31167,123.42667,-364.0,,Indian Ocean,0.0,2409.0,50.0,28.0,1.8,,Goutorbe_etal2008a
6cc9dca3-8984-4081-a610-0dc4839af9a6,Tern 2,-13.27833,128.13333,-83.0,,Timor Sea,0.0,3045.0,52.0,31.0,1.6,,Goutorbe_etal2008a
fc4395a6-74f1-4c0d-8529-9555359fe2e8,Tern 4,-13.23,128.10667,-92.0,,Timor Sea,0.0,2587.0,61.0,35.0,1.8,,Goutorbe_etal2008a
a8c684f7-f24b-4d33-8ec7-72f7893cf550,East Swan 1,-12.30167,124.58167,-103.0,,Indian Ocean,0.0,2826.0,65.0,31.0,2.1,,Goutorbe_etal2008a
745fd0b6-32bb-4a35-bae7-7ca845fc418a,JACKINC1,-13.049,142.05,,Australia,,,,120.0,,,,Australian 2018 (check these references)
f6d6eb18-086c-41c7-bf6e-0dfef595c0da,,-13.0487,142.052,,Australia,,,,120.0,,,,Beardsmore pers. comm. 2011
edef2220-8755-4603-88ae-db03403ab9d0,Batchelor 70-R-54,-13.03333,131.08333,150.0,Australia,,107.0,242.0,79.496,15.78,5.054272,,Munroe_etal1975
d0dc38fe-16f8-4c51-a497-282799a87162,Fishburn 1,-12.96833,127.58333,-64.0,,Timor Sea,0.0,2776.0,49.0,36.0,1.4,,Goutorbe_etal2008a
410a50f3-4aff-4b80-a28a-f7808084384f,Torrens 1,-12.95333,126.74667,-83.0,,Timor Sea,0.0,2302.0,60.0,37.0,1.7,,Goutorbe_etal2008a
5c2d6ba7-627c-476e-b657-b1e5cf83de73,JACKINC2,-12.948,142.07,,Australia,,,,120.0,,,,Australian 2018 (check these references)
2d758deb-91b9-4c39-afb7-668940d1612c,,-12.9476,142.069,,Australia,,,,120.0,,,,Beardsmore pers. comm. 2011
6d69f062-e065-4684-a37c-1afe85a203cc,Petrel 4,-12.88833,128.495,-102.0,,Timor Sea,0.0,3833.0,62.0,31.0,2.0,,Goutorbe_etal2008a
17949ac5-457b-4cdf-b5f9-a44262c20e32,Discorbis 1,-12.88167,123.81167,-202.0,,Indian Ocean,2558.0,3972.0,63.0,31.0,1.9,,Goutorbe_etal2008a
ab190a6f-7490-4b31-be17-575717b13ee6,Yering 1,-12.61333,124.56667,-78.0,,Indian Ocean,0.0,2909.0,57.0,30.0,1.9,,Goutorbe_etal2008a
a09a238a-0f66-4203-8284-fdc0dfd042e7,Hadrian 1,-11.675,124.98667,-292.0,,Timor Sea,1628.0,3201.0,64.0,33.0,1.8,,Goutorbe_etal2008a
8e8fce13-5732-4e2a-b46e-b4411302f038,Rum Jungle-B40,-13.0,131.0,60.0,Australia,,175.0,201.0,94.6,26.9,3.51456,6.276,Sass_etal1976
6e76de78-d2d0-4ee8-b513-3380af42c4d2,Rum Jungle-B35,-13.0,131.0,60.0,Australia,,82.0,157.0,54.8,19.0,2.84512,6.276,Sass_etal1976
8e8fce13-5732-4e2a-b46e-b4411302f038,Rum Jungle-B40,-13.0,131.0,60.0,Australia,,201.0,265.0,77.4,14.9,5.18816,6.276,Sass_etal1976
8e8fce13-5732-4e2a-b46e-b4411302f038,Rum Jungle-B40,-13.0,131.0,60.0,Australia,,62.0,156.0,85.4,24.2,3.51456,6.276,Sass_etal1976
b0039ea4-1bb9-404e-916f-280fb3fd6721,Rum Jungle-337,-13.0,131.0,60.0,Australia,,90.0,395.0,42.7,14.8,2.88696,6.276,Sass_etal1976
6e76de78-d2d0-4ee8-b513-3380af42c4d2,Rum Jungle-B35,-13.0,131.0,60.0,Australia,,157.0,530.0,91.2,17.2,5.31368,6.276,Sass_etal1976
d8ef3c3a-3b1d-48c1-8be9-998b6eeaa74f,Prometheus 1,-12.83833,126.36833,-94.0,,Timor Sea,0.0,2176.0,59.0,44.0,1.4,,Goutorbe_etal2008a
9db62f94-3576-4a56-8a3a-1f84f0c813d2,Petrel 5,-12.81333,128.40833,-95.0,,Timor Sea,0.0,3813.0,61.0,32.0,1.9,,Goutorbe_etal2008a
4ce07390-11aa-459f-9601-cc4fc513b99d,Plover 1,-12.71333,126.36833,-58.0,,Timor Sea,0.0,2340.0,58.0,38.0,1.5,,Goutorbe_etal2008a
b35c3397-1acc-42f2-94ed-6f42ba596d3d,Leeuwin 1,-12.71167,124.585,-84.0,,Indian Ocean,1410.0,3238.0,50.0,31.0,1.8,,Goutorbe_etal2008a
89c4379e-be18-47b7-9563-5881c53a0087,Montara 2,-12.69833,124.52667,-87.0,,Indian Ocean,0.0,2869.0,59.0,31.0,2.0,,Goutorbe_etal2008a
4213bc64-a228-48d0-a65a-a607103baccf,Delta 1,-12.64833,123.97,-205.0,,Indian Ocean,0.0,2657.0,59.0,30.0,2.0,,Goutorbe_etal2008a
89053916-0c0f-4adf-87c8-c53af7a2638d,Woodbine 1,-12.645,124.14667,-189.0,,Indian Ocean,0.0,3302.0,50.0,32.0,2.0,,Goutorbe_etal2008a
8f87acc3-fe39-40c9-b001-30fed40aaf2f,Skua 1,-12.505,124.43333,-80.0,,Indian Ocean,0.0,2928.0,54.0,25.0,2.1,,Goutorbe_etal2008a
2f702f8c-9873-40ce-81f2-e8716cbad07c,Rowan 1,-12.49833,124.39333,-88.0,,Indian Ocean,0.0,3226.0,67.0,30.0,2.3,,Goutorbe_etal2008a
6c59461b-7b03-4f60-9ca2-3d8efc7d5dbe,Grebe 1,-12.45167,124.24833,-69.0,,Indian Ocean,0.0,2869.0,58.0,26.0,2.2,,Goutorbe_etal2008a
be3fb1a3-9b10-4f1c-8f34-3eb6bbf7130c,Prion 1,-12.40333,124.15167,-70.0,,Indian Ocean,0.0,2861.0,53.0,29.0,1.8,,Goutorbe_etal2008a
23fe9eb0-c128-417e-90d1-a3230b06df1f,Puffin 2,-12.36333,124.275,-78.0,,Indian Ocean,0.0,2455.0,52.0,24.0,2.2,,Goutorbe_etal2008a
cf6bef14-e7fc-4f80-803b-a4ccbd10f08f,Eclipse 1,-12.27167,124.61833,-107.0,,Indian Ocean,0.0,2106.0,51.0,25.0,1.9,,Goutorbe_etal2008a
60479b49-41ad-4a24-8239-e04a3a671fd5,Hadrosaurus 1,-12.24667,124.57167,-106.0,,Indian Ocean,1632.0,3442.0,49.0,30.0,1.3,,Goutorbe_etal2008a
fc46f079-8ee5-4b2b-a8ce-78171e315d00,Osprey 1,-12.21833,125.22167,-101.0,,Timor Sea,0.0,3048.0,57.0,37.0,1.7,,Goutorbe_etal2008a
868fa876-8c57-43ef-a666-5a94132ab0e7,Swan 2,-12.195,124.49667,-108.0,,Indian Ocean,0.0,3931.0,54.0,31.0,1.9,,Goutorbe_etal2008a
78d39b47-75c8-4f51-89e6-c275b5e0e6f5,Jabiluka,-12.05,132.89,125.0,Australia,,,,82.6,23.6,,5.8,Cull1982
78d39b47-75c8-4f51-89e6-c275b5e0e6f5,Jabiluka,-12.05,132.89,125.0,Australia,,,,88.2,29.4,,5.8,Cull1982
78d39b47-75c8-4f51-89e6-c275b5e0e6f5,Jabiluka,-12.05,132.89,125.0,Australia,,,,83.2,13.2,,5.8,Cull1982
78d39b47-75c8-4f51-89e6-c275b5e0e6f5,Jabiluka,-12.05,132.89,125.0,Australia,,,,91.6,31.6,,5.8,Cull1982
15a97bd0-ab91-4870-9ce5-5a07c8025523,Paqualin 1,-11.98167,124.50667,-154.0,,Timor Sea,1231.0,4020.0,54.0,33.0,1.3,,Goutorbe_etal2008a
db3d328b-3933-4ae1-8c97-959c82e586ed,Tamar 1,-11.87167,126.21,-64.0,,Timor Sea,0.0,2769.0,58.0,29.0,1.9,,Goutorbe_etal2008a
41ca64c3-3cd9-46b3-90d4-9b88380b50ce,Curlew 1,-11.77167,128.26333,-77.0,,Timor Sea,0.0,1933.0,66.0,45.0,1.7,,Goutorbe_etal2008a
3ffdf2dd-9afb-4c66-97c6-f19c2c3d290b,Augustus 1,-11.69167,124.95333,-297.0,,Timor Sea,1628.0,3219.0,63.0,38.0,1.7,,Goutorbe_etal2008a
99275c40-b613-4439-b7b9-dcacc3245c1d,North Hibernia 1,-11.67167,123.325,-33.0,,Indian Ocean,0.0,3954.0,50.0,25.0,2.0,,Goutorbe_etal2008a
fe015693-d921-442e-b3b1-15ec8a62eb46,Pollard 1,-11.665,124.56833,-303.0,,Timor Sea,0.0,2385.0,47.0,25.0,1.9,,Goutorbe_etal2008a
64e5c126-46d7-4758-96ed-8f53f84d29c6,Warb 1A,-11.64167,124.61,-329.0,,Timor Sea,0.0,2225.0,57.0,34.0,1.8,,Goutorbe_etal2008a
2883c3ab-9475-4629-9c64-f0d09d2be694,Sahul Shoals 1,-11.42667,124.54667,-28.0,,Timor Sea,0.0,3546.0,40.0,21.0,1.9,,Goutorbe_etal2008a
b4f1fee7-0b2d-4420-8c5b-3d90619d2b62,Dillon Shoals 1,-11.23833,125.44667,-123.0,,Timor Sea,0.0,3821.0,43.0,26.0,1.6,,Goutorbe_etal2008a
d5f3dc8d-3379-4e7b-a0a3-d9d028c86c48,Elang 1,-10.88333,126.6,-82.0,,Timor Sea,0.0,2966.0,58.0,29.0,2.0,,Goutorbe_etal2008a
e41e8c29-ca77-4271-8975-2c0a705990b3,Bluff 1,-10.82833,126.20167,-115.0,,Timor Sea,0.0,3390.0,68.0,40.0,1.8,,Goutorbe_etal2008a
1a71c4a1-814b-49b6-ba2f-cb0d356fde6d,Basilisk 1/1A,-10.80333,127.29833,-88.0,,Timor Sea,0.0,2894.0,53.0,29.0,1.8,,Goutorbe_etal2008a
c9ce4ff2-7012-4a64-ae93-0ab3381c29fe,Fannie Bay 1,-10.74667,125.93667,-290.0,,Timor Sea,0.0,2691.0,51.0,34.0,2.1,,Goutorbe_etal2008a
d740aa4c-597b-4677-87c4-2a6d593e67b4,Tasman 1,-10.71167,133.18333,-66.0,,Arafura Sea,0.0,2630.0,47.0,25.0,1.9,,Goutorbe_etal2008a
d9390c80-fbb6-475f-bf9f-1dd75baa60c7,Naga 1,-10.64,126.87167,-74.0,,Timor Sea,0.0,3040.0,60.0,27.0,2.1,,Goutorbe_etal2008a
25378292-abe4-4e1a-b2b9-4d36c78953ce,Torres 1,-10.46833,133.39333,-67.0,,Arafura Sea,0.0,2666.0,54.0,29.0,1.9,,Goutorbe_etal2008a
8a15f755-945c-4af5-aa24-5482f4634308,Arafura 1,-10.45167,134.05667,-64.0,,Arafura Sea,0.0,3538.0,39.0,21.0,2.1,,Goutorbe_etal2008a
43405279-01c3-4cfa-9f5d-d10782a35bed,Evans Shoal 1,-10.08167,129.53167,-110.0,,Timor Sea,0.0,3585.0,60.0,35.0,1.8,,Goutorbe_etal2008a
a9d9f116-addb-4b26-afc2-232046777b5b,Kulka 1,-10.06333,132.545,-77.0,,Arafura Sea,0.0,3895.0,60.0,30.0,2.0,,Goutorbe_etal2008a
9fcf19f0-c2c7-4b55-9d95-45b750638522,Tuatara 1,-9.735,131.86,-116.0,,Arafura Sea,1963.0,3736.0,62.0,28.0,1.9,,Goutorbe_etal2008a
596a0006-4067-439a-bb15-027be4905a51,Troubadour 1,-9.73333,128.12333,-96.0,,Timor Sea,0.0,3341.0,74.0,41.0,1.8,,Goutorbe_etal2008a
2fae3041-5c2c-4015-9bee-99944ec05ed1,V24-149,-9.63333,126.58333,-2708.0,,Timor Sea,2.6,11.5,68.2,80.0,0.854,,Langseth_etal1971
e72e48f2-3a03-4456-aa19-6f57d029a61e,MSN-12,-9.23333,127.5,-3300.0,,Timor Sea,,,70.8,81.0,0.875,,VonHerzen&Langseth1965
54f28680-7c8e-40b8-983c-0c1a3976144f,DDS 9,-20.58333,140.0,,Australia,,,100.0,67.8,16.7,4.05848,3.138,Sass_etal1976
716bb231-1cc4-4fa1-bf3d-3dc719e9cd6e,Tennant Creek,-19.56667,134.21667,328.0,Australia,,,,96.2,22.5,4.26768,3.89112,Sass_etal1976
8e8fce13-5732-4e2a-b46e-b4411302f038,Rum Jungle-B40,-13.0,131.0,60.0,Australia,,156.0,175.0,70.3,24.4,2.5104,6.276,Sass_etal1976
99b905ea-3241-4d39-bce0-592caa87538b,Mount Isa,-21.0,139.0,300.0,Australia,,,,75.3,18.9,3.9748,,Howard&Sass1964
65a4f26e-019c-4bc2-82e5-bf8ed3196705,Dragoon 1,-24.085,124.54667,,Australia,,,2000.0,54.0,,2.5,,Driscoll_etalHDR2010
1aaf3c72-fded-4826-8ad5-4e4064a53196,Lake Hevern 1,-21.46667,127.57833,338.0,Australia,,,,67.0,,2.3,,Driscoll_etal2009
b205f638-c53b-4236-8d29-193019201e1d,White Hills 1,-21.15424,127.58879,357.2,Australia,,0.0,4148.0,69.0,32.0,1.9,,Driscoll_etal2009
f2ea1072-9870-4ccc-9e99-2c7b1443a019,Kilang Kilang 1,-20.21333,127.12667,287.0,Australia,,0.0,2290.0,56.0,33.0,2.3,,Driscoll_etal2009
f7fc1eb5-bb27-4877-89a5-10d179e0774d,Ngalti 1,-19.86833,127.29667,282.0,Australia,,0.0,2686.0,60.0,30.0,2.1,,Driscoll_etal2009
be3cd2fa-a309-4765-9ece-ac86c1aa3520,Mirbelia 2,-19.65,125.36,198.0,Australia,,,,68.0,29.0,,,Driscoll_etal2009
8caea0b7-24b7-4c2c-9070-be1c69c21956,Kennedia 1,-17.75333,124.605,61.0,Australia,,0.0,3376.0,48.0,27.0,1.9,,Driscoll_etal2009
1fc45a49-6f2a-4600-a2ef-2fe28d62beff,Janpam North 1,-17.56833,124.41667,56.0,Australia,,0.0,2196.0,44.0,28.0,2.0,,Driscoll_etal2009
ca8ac0ea-d866-4500-9d22-589ff49661f5,Wattle 1,-17.47167,124.22667,39.0,Australia,,0.0,3046.0,43.0,29.0,1.9,,Driscoll_etal2009
bc76913c-bc9e-44ab-b082-5bbc03ca9106,Jum Jum 1,-17.12167,123.08333,89.0,Australia,,0.0,2587.0,48.0,28.0,1.7,,Driscoll_etal2009
